CRÉDITO;Tipo;202 Meses;;
300000,00;C/SV;1177,06;;
;S/SV;950,50;;
290000,00;C/SV;1137,82;;
;S/SV;918,81;;
280000,00;C/SV;1098,58;;
;S/SV;887,13;;
270000,00;C/SV;1059,35;;
;S/SV;855,45;;
260000,00;C/SV;1020,11;;
;S/SV;823,76;;
250000,00;C/SV;980,88;;
;S/SV;792,08;;
240000,00;C/SV;941,64;;
;S/SV;760,40;;
230000,00;C/SV;902,41;;
;S/SV;728,71;;
220000,00;C/SV;863,17;;
;S/SV;697,03;;
210000,00;C/SV;823,94;;
;S/SV;665,35;;
200000,00;C/SV;784,70;;
;S/SV;633,66;;
;;;;
;;;;
;;;;
;;;;
;;;;
;;;;
;;;;
;;;;
;;;;
;;;;
;;;;
;;;;
;;;;
;;;;
;;;;
;;;;
;;;;
;;;;
;S/ S.V.;-;-;-
